{
  "split": "holdout",
  "model_path": "/Users/usuario/kenya/mostacho_v2/artifacts/models/drowsiness_vision_best.keras",
  "dataset_root": "/Users/usuario/kenya/db/artificialvision/somnolent-db",
  "image_size": 160,
  "num_samples": 5004,
  "metrics": {
    "accuracy": 0.903277378097522,
    "precision_macro": 0.8700969287787902,
    "recall_macro": 0.9211940967687946,
    "f1_macro": 0.8875991074429898,
    "per_class": {
      "alert": {
        "precision": 0.9722485020498266,
        "recall": 0.8882166522615961,
        "f1": 0.9283348389039445,
        "support": 3471
      },
      "yawning": {
        "precision": 0.9716713881019831,
        "recall": 0.9436038514442916,
        "f1": 0.9574319609211445,
        "support": 727
      },
      "microsleep": {
        "precision": 0.6663708961845608,
        "recall": 0.9317617866004962,
        "f1": 0.7770305225038799,
        "support": 806
      }
    },
    "confusion_matrix": [
      [
        3083,
        20,
        368
      ],
      [
        33,
        686,
        8
      ],
      [
        55,
        0,
        751
      ]
    ]
  }
}